{
  "roxanica": {
    "AAPL": {
      "quantity": 4,
      "avg_buy_price": 271.489990234375
    },
    "NFLX": {
      "quantity": 1,
      "avg_buy_price": 104.30999755859375
    }
  }
}