{
  "roxanica": {
    "AAPL": {
      "quantity": 4,
      "avg_buy_price": 271.489990234375
    },
    "NFLX": {
      "quantity": 1,
      "avg_buy_price": 104.30999755859375
    }
  },
  "celia": {
    "AAPL": {
      "quantity": 1,
      "avg_buy_price": 274.9849853515625
    },
    "TSLA": {
      "quantity": 1,
      "avg_buy_price": 418.55999755859375
    }
  }
}